insert into salons (id, name, phone, city, plan, created_at)
values
  (
    '11111111-1111-4111-8111-111111111111',
    'Salão Modelo',
    '(11) 4002-8922',
    'São Paulo',
    'trial',
    '2026-01-05 09:00:00-03'
  )
on conflict (id) do nothing;

-- Fase 7B — vínculo manual entre Supabase Auth e o salão:
-- 1. crie o usuário separadamente em Authentication > Users no Supabase;
-- 2. use no Auth exatamente o mesmo e-mail cadastrado abaixo em public.users;
-- 3. public.users.salon_id determina o único salão acessível pelo usuário.
-- Este seed não cria usuários em auth.users.
insert into users (id, salon_id, name, email, role, created_at)
values
  (
    '22222222-2222-4222-8222-222222222201',
    '11111111-1111-4111-8111-111111111111',
    'Marina Lopes',
    'marina@salaomodelo.com.br',
    'admin',
    '2026-01-05 09:15:00-03'
  ),
  (
    '22222222-2222-4222-8222-222222222202',
    '11111111-1111-4111-8111-111111111111',
    'Renata Almeida',
    'renata@salaomodelo.com.br',
    'manager',
    '2026-01-06 10:20:00-03'
  )
on conflict (id) do nothing;

insert into clients (
  id,
  salon_id,
  avec_code,
  name,
  phone,
  mobile,
  email,
  gender,
  birth_date,
  address,
  city,
  district,
  registration_date,
  notes,
  created_at,
  updated_at
)
values
  (
    '33333333-3333-4333-8333-333333333301',
    '11111111-1111-4111-8111-111111111111',
    'AVC-1001',
    'Camila Rocha',
    '(11) 3300-1001',
    '(11) 98811-1001',
    'camila.rocha@email.com',
    'Feminino',
    '1989-04-12',
    'Rua das Acácias, 120',
    'São Paulo',
    'Moema',
    '2025-02-14',
    'Prefere atendimento no período da manhã.',
    '2025-02-14 09:40:00-03',
    '2026-06-01 10:00:00-03'
  ),
  (
    '33333333-3333-4333-8333-333333333302',
    '11111111-1111-4111-8111-111111111111',
    'AVC-1002',
    'Juliana Martins',
    '(11) 3300-1002',
    '(11) 98811-1002',
    'juliana.martins@email.com',
    'Feminino',
    '1992-08-25',
    'Avenida Ibirapuera, 840',
    'São Paulo',
    'Indianópolis',
    '2025-03-03',
    'Cliente frequente de coloração.',
    '2025-03-03 14:10:00-03',
    '2026-06-03 15:00:00-03'
  ),
  (
    '33333333-3333-4333-8333-333333333303',
    '11111111-1111-4111-8111-111111111111',
    'AVC-1003',
    'Beatriz Nogueira',
    '(11) 3300-1003',
    '(11) 98811-1003',
    'beatriz.nogueira@email.com',
    'Feminino',
    '1984-11-02',
    'Rua Canário, 55',
    'São Paulo',
    'Vila Uberabinha',
    '2025-04-18',
    'Gosta de produtos home care.',
    '2025-04-18 11:30:00-03',
    '2026-05-21 18:30:00-03'
  ),
  (
    '33333333-3333-4333-8333-333333333304',
    '11111111-1111-4111-8111-111111111111',
    'AVC-1004',
    'Fernanda Lima',
    '(11) 3300-1004',
    '(11) 98811-1004',
    'fernanda.lima@email.com',
    'Feminino',
    '1978-01-19',
    'Rua Gaivota, 310',
    'São Paulo',
    'Moema',
    '2025-05-09',
    'Possui sensibilidade no couro cabeludo.',
    '2025-05-09 16:00:00-03',
    '2026-04-10 16:20:00-03'
  ),
  (
    '33333333-3333-4333-8333-333333333305',
    '11111111-1111-4111-8111-111111111111',
    'AVC-1005',
    'Patrícia Souza',
    '(11) 3300-1005',
    '(11) 98811-1005',
    'patricia.souza@email.com',
    'Feminino',
    '1995-06-30',
    'Alameda dos Jurupis, 200',
    'São Paulo',
    'Moema',
    '2025-06-22',
    'Interessada em mechas e tonalização.',
    '2025-06-22 13:45:00-03',
    '2026-06-05 12:00:00-03'
  ),
  (
    '33333333-3333-4333-8333-333333333306',
    '11111111-1111-4111-8111-111111111111',
    'AVC-1006',
    'Larissa Cunha',
    '(11) 3300-1006',
    '(11) 98811-1006',
    'larissa.cunha@email.com',
    'Feminino',
    '1990-09-17',
    'Rua Tuim, 78',
    'São Paulo',
    'Vila Nova Conceição',
    '2025-07-12',
    'Agenda preferencial aos sábados.',
    '2025-07-12 10:15:00-03',
    '2026-03-28 11:00:00-03'
  ),
  (
    '33333333-3333-4333-8333-333333333307',
    '11111111-1111-4111-8111-111111111111',
    'AVC-1007',
    'Aline Pereira',
    '(11) 3300-1007',
    '(11) 98811-1007',
    'aline.pereira@email.com',
    'Feminino',
    '1987-12-05',
    'Rua Pintassilgo, 450',
    'São Paulo',
    'Moema',
    '2025-08-01',
    'Cliente de reconstrução capilar.',
    '2025-08-01 15:50:00-03',
    '2026-02-18 09:30:00-03'
  ),
  (
    '33333333-3333-4333-8333-333333333308',
    '11111111-1111-4111-8111-111111111111',
    'AVC-1008',
    'Daniela Costa',
    '(11) 3300-1008',
    '(11) 98811-1008',
    'daniela.costa@email.com',
    'Feminino',
    '1982-03-28',
    'Avenida República do Líbano, 990',
    'São Paulo',
    'Ibirapuera',
    '2025-09-15',
    'Retornar para manutenção de progressiva.',
    '2025-09-15 12:20:00-03',
    '2026-05-30 14:00:00-03'
  ),
  (
    '33333333-3333-4333-8333-333333333309',
    '11111111-1111-4111-8111-111111111111',
    'AVC-1009',
    'Helena Barbosa',
    '(11) 3300-1009',
    '(11) 98811-1009',
    'helena.barbosa@email.com',
    'Feminino',
    '1998-10-09',
    'Rua Rouxinol, 144',
    'São Paulo',
    'Moema',
    '2026-01-20',
    'Nova cliente indicada por Camila Rocha.',
    '2026-01-20 17:10:00-03',
    '2026-06-08 10:45:00-03'
  ),
  (
    '33333333-3333-4333-8333-333333333310',
    '11111111-1111-4111-8111-111111111111',
    'AVC-1010',
    'Mariana Freitas',
    '(11) 3300-1010',
    '(11) 98811-1010',
    'mariana.freitas@email.com',
    'Feminino',
    '1993-05-14',
    'Rua Inhambu, 610',
    'São Paulo',
    'Vila Uberabinha',
    '2026-02-11',
    'Busca tratamentos de hidratação.',
    '2026-02-11 09:00:00-03',
    '2026-06-10 13:30:00-03'
  )
on conflict (id) do nothing;

insert into professionals (id, salon_id, name, active, created_at, updated_at)
values
  (
    '44444444-4444-4444-8444-444444444401',
    '11111111-1111-4111-8111-111111111111',
    'Sofia Andrade',
    true,
    '2026-01-05 10:00:00-03',
    '2026-06-01 09:00:00-03'
  ),
  (
    '44444444-4444-4444-8444-444444444402',
    '11111111-1111-4111-8111-111111111111',
    'Carla Mendes',
    true,
    '2026-01-05 10:15:00-03',
    '2026-06-01 09:00:00-03'
  ),
  (
    '44444444-4444-4444-8444-444444444403',
    '11111111-1111-4111-8111-111111111111',
    'Bianca Torres',
    true,
    '2026-01-05 10:30:00-03',
    '2026-06-01 09:00:00-03'
  )
on conflict (id) do nothing;

insert into services (
  id,
  salon_id,
  name,
  category,
  standard_price,
  active,
  created_at,
  updated_at
)
values
  (
    '55555555-5555-4555-8555-555555555501',
    '11111111-1111-4111-8111-111111111111',
    'Corte Feminino',
    'Cortes',
    95.00,
    true,
    '2026-01-05 11:00:00-03',
    '2026-06-01 09:00:00-03'
  ),
  (
    '55555555-5555-4555-8555-555555555502',
    '11111111-1111-4111-8111-111111111111',
    'Coloração',
    'Coloração',
    220.00,
    true,
    '2026-01-05 11:05:00-03',
    '2026-06-01 09:00:00-03'
  ),
  (
    '55555555-5555-4555-8555-555555555503',
    '11111111-1111-4111-8111-111111111111',
    'Escova',
    'Finalização',
    75.00,
    true,
    '2026-01-05 11:10:00-03',
    '2026-06-01 09:00:00-03'
  ),
  (
    '55555555-5555-4555-8555-555555555504',
    '11111111-1111-4111-8111-111111111111',
    'Progressiva',
    'Alisamento',
    380.00,
    true,
    '2026-01-05 11:15:00-03',
    '2026-06-01 09:00:00-03'
  ),
  (
    '55555555-5555-4555-8555-555555555505',
    '11111111-1111-4111-8111-111111111111',
    'Hidratação',
    'Tratamentos',
    130.00,
    true,
    '2026-01-05 11:20:00-03',
    '2026-06-01 09:00:00-03'
  ),
  (
    '55555555-5555-4555-8555-555555555506',
    '11111111-1111-4111-8111-111111111111',
    'Reconstrução',
    'Tratamentos',
    160.00,
    true,
    '2026-01-05 11:25:00-03',
    '2026-06-01 09:00:00-03'
  ),
  (
    '55555555-5555-4555-8555-555555555507',
    '11111111-1111-4111-8111-111111111111',
    'Mechas',
    'Coloração',
    420.00,
    true,
    '2026-01-05 11:30:00-03',
    '2026-06-01 09:00:00-03'
  ),
  (
    '55555555-5555-4555-8555-555555555508',
    '11111111-1111-4111-8111-111111111111',
    'Tonalização',
    'Coloração',
    180.00,
    true,
    '2026-01-05 11:35:00-03',
    '2026-06-01 09:00:00-03'
  )
on conflict (id) do nothing;

insert into appointments (
  id,
  salon_id,
  client_id,
  professional_id,
  service_id,
  appointment_date,
  gross_value,
  discount_value,
  total_value,
  import_source,
  created_at
)
values
  (
    '66666666-6666-4666-8666-666666666601',
    '11111111-1111-4111-8111-111111111111',
    '33333333-3333-4333-8333-333333333301',
    '44444444-4444-4444-8444-444444444401',
    '55555555-5555-4555-8555-555555555501',
    '2026-01-12',
    95.00,
    0.00,
    95.00,
    'seed',
    '2026-01-12 09:30:00-03'
  ),
  (
    '66666666-6666-4666-8666-666666666602',
    '11111111-1111-4111-8111-111111111111',
    '33333333-3333-4333-8333-333333333302',
    '44444444-4444-4444-8444-444444444402',
    '55555555-5555-4555-8555-555555555502',
    '2026-01-18',
    220.00,
    20.00,
    200.00,
    'seed',
    '2026-01-18 14:00:00-03'
  ),
  (
    '66666666-6666-4666-8666-666666666603',
    '11111111-1111-4111-8111-111111111111',
    '33333333-3333-4333-8333-333333333303',
    '44444444-4444-4444-8444-444444444403',
    '55555555-5555-4555-8555-555555555505',
    '2026-01-22',
    130.00,
    0.00,
    130.00,
    'seed',
    '2026-01-22 11:00:00-03'
  ),
  (
    '66666666-6666-4666-8666-666666666604',
    '11111111-1111-4111-8111-111111111111',
    '33333333-3333-4333-8333-333333333304',
    '44444444-4444-4444-8444-444444444401',
    '55555555-5555-4555-8555-555555555504',
    '2026-02-02',
    380.00,
    30.00,
    350.00,
    'seed',
    '2026-02-02 16:00:00-03'
  ),
  (
    '66666666-6666-4666-8666-666666666605',
    '11111111-1111-4111-8111-111111111111',
    '33333333-3333-4333-8333-333333333305',
    '44444444-4444-4444-8444-444444444402',
    '55555555-5555-4555-8555-555555555507',
    '2026-02-08',
    420.00,
    40.00,
    380.00,
    'seed',
    '2026-02-08 13:30:00-03'
  ),
  (
    '66666666-6666-4666-8666-666666666606',
    '11111111-1111-4111-8111-111111111111',
    '33333333-3333-4333-8333-333333333306',
    '44444444-4444-4444-8444-444444444403',
    '55555555-5555-4555-8555-555555555503',
    '2026-02-13',
    75.00,
    0.00,
    75.00,
    'seed',
    '2026-02-13 10:20:00-03'
  ),
  (
    '66666666-6666-4666-8666-666666666607',
    '11111111-1111-4111-8111-111111111111',
    '33333333-3333-4333-8333-333333333307',
    '44444444-4444-4444-8444-444444444401',
    '55555555-5555-4555-8555-555555555506',
    '2026-02-18',
    160.00,
    0.00,
    160.00,
    'seed',
    '2026-02-18 09:30:00-03'
  ),
  (
    '66666666-6666-4666-8666-666666666608',
    '11111111-1111-4111-8111-111111111111',
    '33333333-3333-4333-8333-333333333308',
    '44444444-4444-4444-8444-444444444402',
    '55555555-5555-4555-8555-555555555504',
    '2026-03-01',
    380.00,
    0.00,
    380.00,
    'seed',
    '2026-03-01 15:45:00-03'
  ),
  (
    '66666666-6666-4666-8666-666666666609',
    '11111111-1111-4111-8111-111111111111',
    '33333333-3333-4333-8333-333333333309',
    '44444444-4444-4444-8444-444444444403',
    '55555555-5555-4555-8555-555555555501',
    '2026-03-05',
    95.00,
    0.00,
    95.00,
    'seed',
    '2026-03-05 17:00:00-03'
  ),
  (
    '66666666-6666-4666-8666-666666666610',
    '11111111-1111-4111-8111-111111111111',
    '33333333-3333-4333-8333-333333333310',
    '44444444-4444-4444-8444-444444444401',
    '55555555-5555-4555-8555-555555555505',
    '2026-03-11',
    130.00,
    10.00,
    120.00,
    'seed',
    '2026-03-11 09:10:00-03'
  ),
  (
    '66666666-6666-4666-8666-666666666611',
    '11111111-1111-4111-8111-111111111111',
    '33333333-3333-4333-8333-333333333301',
    '44444444-4444-4444-8444-444444444402',
    '55555555-5555-4555-8555-555555555503',
    '2026-03-17',
    75.00,
    0.00,
    75.00,
    'seed',
    '2026-03-17 18:00:00-03'
  ),
  (
    '66666666-6666-4666-8666-666666666612',
    '11111111-1111-4111-8111-111111111111',
    '33333333-3333-4333-8333-333333333302',
    '44444444-4444-4444-8444-444444444401',
    '55555555-5555-4555-8555-555555555508',
    '2026-03-24',
    180.00,
    0.00,
    180.00,
    'seed',
    '2026-03-24 14:30:00-03'
  ),
  (
    '66666666-6666-4666-8666-666666666613',
    '11111111-1111-4111-8111-111111111111',
    '33333333-3333-4333-8333-333333333303',
    '44444444-4444-4444-8444-444444444403',
    '55555555-5555-4555-8555-555555555506',
    '2026-04-02',
    160.00,
    0.00,
    160.00,
    'seed',
    '2026-04-02 12:00:00-03'
  ),
  (
    '66666666-6666-4666-8666-666666666614',
    '11111111-1111-4111-8111-111111111111',
    '33333333-3333-4333-8333-333333333304',
    '44444444-4444-4444-8444-444444444402',
    '55555555-5555-4555-8555-555555555505',
    '2026-04-10',
    130.00,
    0.00,
    130.00,
    'seed',
    '2026-04-10 16:00:00-03'
  ),
  (
    '66666666-6666-4666-8666-666666666615',
    '11111111-1111-4111-8111-111111111111',
    '33333333-3333-4333-8333-333333333305',
    '44444444-4444-4444-8444-444444444401',
    '55555555-5555-4555-8555-555555555502',
    '2026-04-18',
    220.00,
    0.00,
    220.00,
    'seed',
    '2026-04-18 13:15:00-03'
  ),
  (
    '66666666-6666-4666-8666-666666666616',
    '11111111-1111-4111-8111-111111111111',
    '33333333-3333-4333-8333-333333333306',
    '44444444-4444-4444-8444-444444444403',
    '55555555-5555-4555-8555-555555555501',
    '2026-05-03',
    95.00,
    0.00,
    95.00,
    'seed',
    '2026-05-03 10:00:00-03'
  ),
  (
    '66666666-6666-4666-8666-666666666617',
    '11111111-1111-4111-8111-111111111111',
    '33333333-3333-4333-8333-333333333307',
    '44444444-4444-4444-8444-444444444402',
    '55555555-5555-4555-8555-555555555503',
    '2026-05-14',
    75.00,
    0.00,
    75.00,
    'seed',
    '2026-05-14 18:30:00-03'
  ),
  (
    '66666666-6666-4666-8666-666666666618',
    '11111111-1111-4111-8111-111111111111',
    '33333333-3333-4333-8333-333333333308',
    '44444444-4444-4444-8444-444444444401',
    '55555555-5555-4555-8555-555555555504',
    '2026-05-30',
    380.00,
    20.00,
    360.00,
    'seed',
    '2026-05-30 14:00:00-03'
  ),
  (
    '66666666-6666-4666-8666-666666666619',
    '11111111-1111-4111-8111-111111111111',
    '33333333-3333-4333-8333-333333333309',
    '44444444-4444-4444-8444-444444444403',
    '55555555-5555-4555-8555-555555555507',
    '2026-06-08',
    420.00,
    30.00,
    390.00,
    'seed',
    '2026-06-08 10:45:00-03'
  ),
  (
    '66666666-6666-4666-8666-666666666620',
    '11111111-1111-4111-8111-111111111111',
    '33333333-3333-4333-8333-333333333310',
    '44444444-4444-4444-8444-444444444402',
    '55555555-5555-4555-8555-555555555505',
    '2026-06-10',
    130.00,
    0.00,
    130.00,
    'seed',
    '2026-06-10 13:30:00-03'
  )
on conflict (id) do nothing;

insert into product_sales (
  id,
  salon_id,
  client_id,
  product_name,
  brand,
  category,
  quantity,
  unit_value,
  total_value,
  sale_date,
  created_at
)
values
  (
    '77777777-7777-4777-8777-777777777701',
    '11111111-1111-4111-8111-111111111111',
    '33333333-3333-4333-8333-333333333303',
    'Shampoo Nutritivo',
    'LissCare',
    'Home care',
    1,
    89.90,
    89.90,
    '2026-01-22',
    '2026-01-22 12:10:00-03'
  ),
  (
    '77777777-7777-4777-8777-777777777702',
    '11111111-1111-4111-8111-111111111111',
    '33333333-3333-4333-8333-333333333304',
    'Máscara Pós-Progressiva',
    'BioHair',
    'Tratamento',
    1,
    129.90,
    129.90,
    '2026-02-02',
    '2026-02-02 18:10:00-03'
  ),
  (
    '77777777-7777-4777-8777-777777777703',
    '11111111-1111-4111-8111-111111111111',
    '33333333-3333-4333-8333-333333333305',
    'Leave-in Color Protect',
    'ColorPro',
    'Finalização',
    1,
    74.50,
    74.50,
    '2026-02-08',
    '2026-02-08 16:00:00-03'
  ),
  (
    '77777777-7777-4777-8777-777777777704',
    '11111111-1111-4111-8111-111111111111',
    '33333333-3333-4333-8333-333333333301',
    'Óleo Reparador',
    'GlossHair',
    'Finalização',
    1,
    59.90,
    59.90,
    '2026-03-17',
    '2026-03-17 18:40:00-03'
  ),
  (
    '77777777-7777-4777-8777-777777777705',
    '11111111-1111-4111-8111-111111111111',
    '33333333-3333-4333-8333-333333333302',
    'Kit Manutenção de Cor',
    'ColorPro',
    'Home care',
    1,
    189.90,
    189.90,
    '2026-03-24',
    '2026-03-24 16:20:00-03'
  ),
  (
    '77777777-7777-4777-8777-777777777706',
    '11111111-1111-4111-8111-111111111111',
    '33333333-3333-4333-8333-333333333308',
    'Spray Térmico',
    'ThermoStyle',
    'Proteção térmica',
    1,
    69.90,
    69.90,
    '2026-05-30',
    '2026-05-30 16:40:00-03'
  ),
  (
    '77777777-7777-4777-8777-777777777707',
    '11111111-1111-4111-8111-111111111111',
    '33333333-3333-4333-8333-333333333309',
    'Ampola Reconstrutora',
    'RepairLab',
    'Tratamento',
    2,
    34.90,
    69.80,
    '2026-06-08',
    '2026-06-08 13:00:00-03'
  ),
  (
    '77777777-7777-4777-8777-777777777708',
    '11111111-1111-4111-8111-111111111111',
    '33333333-3333-4333-8333-333333333310',
    'Máscara Hidratante',
    'BioHair',
    'Tratamento',
    1,
    99.90,
    99.90,
    '2026-06-10',
    '2026-06-10 15:00:00-03'
  )
on conflict (id) do nothing;

insert into client_metrics (
  id,
  salon_id,
  client_id,
  last_visit,
  total_visits,
  total_service_spent,
  total_product_spent,
  total_spent,
  average_ticket,
  days_without_visit,
  client_status,
  client_level,
  buys_products,
  updated_at
)
values
  (
    '88888888-8888-4888-8888-888888888801',
    '11111111-1111-4111-8111-111111111111',
    '33333333-3333-4333-8333-333333333301',
    '2026-03-17',
    2,
    170.00,
    59.90,
    229.90,
    114.95,
    91,
    'Em risco',
    'Bronze',
    true,
    '2026-06-15 08:00:00-03'
  ),
  (
    '88888888-8888-4888-8888-888888888802',
    '11111111-1111-4111-8111-111111111111',
    '33333333-3333-4333-8333-333333333302',
    '2026-03-24',
    2,
    380.00,
    189.90,
    569.90,
    284.95,
    84,
    'Em risco',
    'Prata',
    true,
    '2026-06-15 08:00:00-03'
  ),
  (
    '88888888-8888-4888-8888-888888888803',
    '11111111-1111-4111-8111-111111111111',
    '33333333-3333-4333-8333-333333333303',
    '2026-04-02',
    2,
    290.00,
    89.90,
    379.90,
    189.95,
    75,
    'Ativo',
    'Prata',
    true,
    '2026-06-15 08:00:00-03'
  ),
  (
    '88888888-8888-4888-8888-888888888804',
    '11111111-1111-4111-8111-111111111111',
    '33333333-3333-4333-8333-333333333304',
    '2026-04-10',
    2,
    480.00,
    129.90,
    609.90,
    304.95,
    67,
    'Ativo',
    'Ouro',
    true,
    '2026-06-15 08:00:00-03'
  ),
  (
    '88888888-8888-4888-8888-888888888805',
    '11111111-1111-4111-8111-111111111111',
    '33333333-3333-4333-8333-333333333305',
    '2026-04-18',
    2,
    600.00,
    74.50,
    674.50,
    337.25,
    59,
    'Ativo',
    'Ouro',
    true,
    '2026-06-15 08:00:00-03'
  ),
  (
    '88888888-8888-4888-8888-888888888806',
    '11111111-1111-4111-8111-111111111111',
    '33333333-3333-4333-8333-333333333306',
    '2026-05-03',
    2,
    170.00,
    0.00,
    170.00,
    85.00,
    44,
    'Ativo',
    'Bronze',
    false,
    '2026-06-15 08:00:00-03'
  ),
  (
    '88888888-8888-4888-8888-888888888807',
    '11111111-1111-4111-8111-111111111111',
    '33333333-3333-4333-8333-333333333307',
    '2026-05-14',
    2,
    235.00,
    0.00,
    235.00,
    117.50,
    33,
    'Ativo',
    'Bronze',
    false,
    '2026-06-15 08:00:00-03'
  ),
  (
    '88888888-8888-4888-8888-888888888808',
    '11111111-1111-4111-8111-111111111111',
    '33333333-3333-4333-8333-333333333308',
    '2026-05-30',
    2,
    740.00,
    69.90,
    809.90,
    404.95,
    17,
    'Ativo',
    'Diamante',
    true,
    '2026-06-15 08:00:00-03'
  ),
  (
    '88888888-8888-4888-8888-888888888809',
    '11111111-1111-4111-8111-111111111111',
    '33333333-3333-4333-8333-333333333309',
    '2026-06-08',
    2,
    485.00,
    69.80,
    554.80,
    277.40,
    8,
    'Novo',
    'Prata',
    true,
    '2026-06-15 08:00:00-03'
  ),
  (
    '88888888-8888-4888-8888-888888888810',
    '11111111-1111-4111-8111-111111111111',
    '33333333-3333-4333-8333-333333333310',
    '2026-06-10',
    2,
    250.00,
    99.90,
    349.90,
    174.95,
    6,
    'Novo',
    'Bronze',
    true,
    '2026-06-15 08:00:00-03'
  )
on conflict (id) do nothing;

insert into campaigns (
  id,
  salon_id,
  name,
  segment,
  message,
  active,
  created_at,
  updated_at
)
values
  (
    '99999999-9999-4999-8999-999999999901',
    '11111111-1111-4111-8111-111111111111',
    'Clientes inativos',
    'Inativo e Em risco',
    'Sentimos sua falta no Salão Modelo. Que tal agendar um cuidado especial esta semana?',
    true,
    '2026-06-01 09:00:00-03',
    '2026-06-01 09:00:00-03'
  ),
  (
    '99999999-9999-4999-8999-999999999902',
    '11111111-1111-4111-8111-111111111111',
    'Aniversariantes do mês',
    'Clientes com aniversário no mês',
    'Parabéns pelo seu mês! Temos um mimo especial para celebrar com você.',
    true,
    '2026-06-01 09:10:00-03',
    '2026-06-01 09:10:00-03'
  ),
  (
    '99999999-9999-4999-8999-999999999903',
    '11111111-1111-4111-8111-111111111111',
    'Clientes VIP',
    'Clientes Diamante e Ouro',
    'Você está entre nossas clientes especiais. Reserve um horário premium para seu próximo cuidado.',
    true,
    '2026-06-01 09:20:00-03',
    '2026-06-01 09:20:00-03'
  )
on conflict (id) do nothing;

insert into follow_ups (
  id,
  salon_id,
  client_id,
  type,
  title,
  suggested_message,
  suggested_date,
  status,
  created_at,
  updated_at
)
values
  (
    'aaaaaaaa-aaaa-4aaa-8aaa-aaaaaaaaaa01',
    '11111111-1111-4111-8111-111111111111',
    '33333333-3333-4333-8333-333333333302',
    'coloracao',
    'Retorno de coloração',
    'Oi, Juliana! Já está na hora de revisar a cor. Quer que eu veja um horário para você?',
    '2026-06-20',
    'pending',
    '2026-06-12 09:00:00-03',
    '2026-06-12 09:00:00-03'
  ),
  (
    'aaaaaaaa-aaaa-4aaa-8aaa-aaaaaaaaaa02',
    '11111111-1111-4111-8111-111111111111',
    '33333333-3333-4333-8333-333333333308',
    'progressiva',
    'Manutenção de progressiva',
    'Oi, Daniela! Sua progressiva já pode receber manutenção para manter o resultado bonito.',
    '2026-06-24',
    'pending',
    '2026-06-12 09:10:00-03',
    '2026-06-12 09:10:00-03'
  ),
  (
    'aaaaaaaa-aaaa-4aaa-8aaa-aaaaaaaaaa03',
    '11111111-1111-4111-8111-111111111111',
    '33333333-3333-4333-8333-333333333301',
    'reativacao',
    'Cliente inativo',
    'Oi, Camila! Faz um tempinho que não te vemos. Quer agendar um cuidado especial?',
    '2026-06-18',
    'pending',
    '2026-06-12 09:20:00-03',
    '2026-06-12 09:20:00-03'
  ),
  (
    'aaaaaaaa-aaaa-4aaa-8aaa-aaaaaaaaaa04',
    '11111111-1111-4111-8111-111111111111',
    '33333333-3333-4333-8333-333333333303',
    'home_care',
    'Oferta de home care',
    'Oi, Beatriz! Chegaram produtos ótimos para manter sua reconstrução em casa.',
    '2026-06-21',
    'pending',
    '2026-06-12 09:30:00-03',
    '2026-06-12 09:30:00-03'
  ),
  (
    'aaaaaaaa-aaaa-4aaa-8aaa-aaaaaaaaaa05',
    '11111111-1111-4111-8111-111111111111',
    '33333333-3333-4333-8333-333333333310',
    'aniversario',
    'Aniversário',
    'Mariana, feliz aniversário! Preparamos uma condição especial para você este mês.',
    '2026-06-25',
    'pending',
    '2026-06-12 09:40:00-03',
    '2026-06-12 09:40:00-03'
  )
on conflict (id) do nothing;
